industry_isolation_1	1	96s	Tổng kết: 29 PASS · 1 FAIL
industry_isolation_2	0	153s	Tổng kết: 28 PASS · 0 FAIL
industry_isolation_3	1	81s	
master_nail	0	55s	Tổng kết: 9 PASS · 1 WARN · 0 FAIL
master_fnb	0	40s	Tổng kết: 8 PASS · 0 WARN · 0 FAIL
master_spa	0	28s	Tổng kết: 6 PASS · 0 WARN · 0 FAIL
master_retail	0	17s	Tổng kết: 6 PASS · 0 WARN · 0 FAIL
master_karaoke	0	50s	Tổng kết: 4 PASS · 0 WARN · 0 FAIL
master_hotel	0	20s	Tổng kết: 5 PASS · 0 WARN · 0 FAIL
master_production	0	19s	Tổng kết: 3 PASS · 0 WARN · 0 FAIL
master_technical	0	12s	Tổng kết: 3 PASS · 0 WARN · 0 FAIL
master_office	0	13s	Tổng kết: 4 PASS · 0 WARN · 0 FAIL
nail_business_cycle_e2e	0	28s	Tổng kết: 9 PASS · 0 WARN · 0 FAIL
nail_shared_modules_audit	0	17s	Tổng kết: 9 PASS · 0 WARN · 0 FAIL
nail_gap_completeness_audit	0	23s	Tổng kết: 8 PASS · 0 WARN · 0 FAIL
nail_ai_bot_customer_care_e2e	0	9s	Tổng kết: 7 PASS · 0 WARN · 0 FAIL
nail_realtime_sse_e2e	0	15s	Tổng kết: 6 PASS · 0 WARN · 0 FAIL
verify_nail_pos_acceptance	0	22s	
nail_visual_audit	0	98s	Tổng: 42 màn hình · 0 có vấn đề cần xem · ảnh tại C:\Users\Acer Nitro\Downloads\Bitpawsofrware\audit-results\screenshots\nail_visual_audit
nail_persona_e2e	0	74s	Tổng kết: 36 PASS · 0 WARN · 0 FAIL
shared_modules_pha6	0	16s	Tổng kết: 3 PASS · 0 WARN · 0 FAIL
landing_pages	0	47s	Tổng kết: 66 PASS · 0 WARN · 0 FAIL
store_compliance	0	15s	Tổng kết: 21 PASS · 0 FAIL
desktop_offline	0	10s	Tổng: 15/15 PASS
security_full	0	44s	
security_crash	0	1s	
load_test	0	63s	
i18n_nail	0	123s	Tổng: 28 trang × 2 ngôn ngữ · 0 lượt có khoá dịch thô
site_nail	0	208s	Tổng kết nail: 121 lượt trang (118 sạch, 3 có vấn đề) · 9 link nội bộ (0 hỏng)
i18n_fnb	1	53s	Tổng: 14 trang × 2 ngôn ngữ · 2 lượt có khoá dịch thô
site_fnb	0	174s	Tổng kết fnb: 107 lượt trang (104 sạch, 3 có vấn đề) · 9 link nội bộ (1 hỏng)
i18n_spa	0	53s	Tổng: 14 trang × 2 ngôn ngữ · 0 lượt có khoá dịch thô
site_spa	0	187s	Tổng kết spa: 107 lượt trang (104 sạch, 3 có vấn đề) · 9 link nội bộ (0 hỏng)
i18n_retail	0	52s	Tổng: 14 trang × 2 ngôn ngữ · 0 lượt có khoá dịch thô
site_retail	0	177s	Tổng kết retail: 107 lượt trang (104 sạch, 3 có vấn đề) · 11 link nội bộ (0 hỏng)
i18n_karaoke	0	52s	Tổng: 14 trang × 2 ngôn ngữ · 0 lượt có khoá dịch thô
site_karaoke	0	202s	Tổng kết karaoke: 107 lượt trang (104 sạch, 3 có vấn đề) · 11 link nội bộ (0 hỏng)
i18n_hotel	0	94s	Tổng: 27 trang × 2 ngôn ngữ · 0 lượt có khoá dịch thô
site_hotel	0	170s	Tổng kết hotel: 121 lượt trang (118 sạch, 3 có vấn đề) · 9 link nội bộ (0 hỏng)
i18n_production	0	94s	Tổng: 26 trang × 2 ngôn ngữ · 0 lượt có khoá dịch thô
site_production	0	173s	Tổng kết production: 120 lượt trang (117 sạch, 3 có vấn đề) · 9 link nội bộ (0 hỏng)
i18n_technical	0	94s	Tổng: 26 trang × 2 ngôn ngữ · 0 lượt có khoá dịch thô
site_technical	0	200s	Tổng kết technical: 119 lượt trang (116 sạch, 3 có vấn đề) · 9 link nội bộ (0 hỏng)
i18n_office	0	87s	Tổng: 24 trang × 2 ngôn ngữ · 0 lượt có khoá dịch thô
site_office	0	197s	Tổng kết office: 117 lượt trang (114 sạch, 3 có vấn đề) · 9 link nội bộ (0 hỏng)
